State,LGA,Ward,PU-Code,PU-Name,Accredited_Voters,Registered_Voters,Results_Found,Transcription_Count,Result_Sheet_Stamped,Result_Sheet_Corrected,Result_Sheet_Invalid,Result_Sheet_Unclear,Result_Sheet_Unsigned,APC,LP,PDP,NNPP,Results_File
JIGAWA,BABURA,BABURA,17-02-01-001,AREWA PRI. SCH. BABURA AREWA  I,0,0,0,0,1,0,1,1,0,0,0,0,0,
JIGAWA,BABURA,BABURA,17-02-01-002,AREWA PRI. SCH. BABURA AREWA  II,0,0,0,0,1,0,1,1,0,0,0,0,0,
JIGAWA,BABURA,BABURA,17-02-01-003,GABAS PRI. SCH. BABURA GABAS  I,0,0,0,0,1,0,1,1,0,0,0,0,0,
JIGAWA,BABURA,BABURA,17-02-01-004,GABAS PRI. SCH. BABURA GABAS  II,0,0,0,0,1,0,1,1,0,0,0,0,0,
JIGAWA,BABURA,BABURA,17-02-01-005,KUDU ISLAMIYYA PRI. SCH. BABURA KUDU  I,0,0,0,0,1,0,1,1,0,0,0,0,0,
JIGAWA,BABURA,BABURA,17-02-01-006,KUDU ISLAMIYYA PRI. SCH. BABURA KUDU  II,0,0,0,0,1,0,1,1,0,0,0,0,0,
JIGAWA,BABURA,BABURA,17-02-01-007,KUDU ISLAMIYYA PRI. SCH. BABAURA KUDU III,0,0,0,0,1,0,1,1,0,0,0,0,0,
JIGAWA,BABURA,BABURA,17-02-01-008,CENTRAL PRI. SCH. BABURA YAMMA  I,0,0,0,0,1,0,1,1,0,0,0,0,0,
JIGAWA,BABURA,BABURA,17-02-01-009,CENTRAL PRI. SCH. BABURA YAMMA  II,0,0,0,0,1,0,1,1,0,0,0,0,0,
JIGAWA,BABURA,BABURA,17-02-01-010,CENTRAL PRI. SCH. BABURA YAMMA  III,0,0,0,0,1,0,1,1,0,0,0,0,0,
JIGAWA,BABURA,BABURA,17-02-01-011,BASKWAR JIJI / BASKWAR JIJI,0,0,0,0,1,0,1,1,0,0,0,0,0,
JIGAWA,BABURA,BABURA,17-02-01-012,KAYAHURUMI/KAYA HURUMI,0,0,0,0,1,0,1,1,0,0,0,0,0,
JIGAWA,BABURA,BABURA,17-02-01-013,MAHUTA PRI. SCH/MAHUTA RAHA,0,0,0,0,1,0,1,1,0,0,0,0,0,
JIGAWA,BABURA,BABURA,17-02-01-014,JARMAI/JARMAI,0,0,0,0,1,0,1,1,0,0,0,0,0,
JIGAWA,BABURA,BABURA,17-02-01-015,MALU UNGUWARGAWO PRI. SCH./UNG. GAWO,0,0,0,0,1,0,1,1,0,0,0,0,0,
JIGAWA,BABURA,BABURA,17-02-01-016,KUDU ISLAMIYA P.S / BABURA KUDU IV,0,0,0,0,1,0,1,1,0,0,0,0,0,
JIGAWA,BABURA,BABURA,17-02-01-017,KUDU ISLAMIYA P.S / BABURA KUDU V,0,0,0,0,1,0,1,1,0,0,0,0,0,
JIGAWA,BABURA,BABURA,17-02-01-018,CENTRAL P.S /BABURA YAMMA,0,0,0,0,1,0,1,1,0,0,0,0,0,
JIGAWA,BABURA,DORAWA,17-02-03-011,YADAGIRMA/YADAGIRMA,0,0,0,0,1,0,1,1,0,0,0,0,0,
JIGAWA,BABURA,GASAKOLI,17-02-05-001,BALLADA FULANI/BALLADA,0,0,0,0,1,0,1,1,0,0,0,0,0,
JIGAWA,BABURA,GASAKOLI,17-02-05-002,DANKABA PRI. SCH./DANKABA,0,0,0,0,1,0,1,1,0,0,0,0,0,
JIGAWA,BABURA,GASAKOLI,17-02-05-004,DANYAYI PRI. SCH./DANYAYI,0,0,0,0,1,0,1,1,0,0,0,0,0,
JIGAWA,BABURA,GASAKOLI,17-02-05-005,GAJANGO FULANI/GAJANGO,0,0,0,0,1,0,1,1,0,0,0,0,0,
JIGAWA,BABURA,GASAKOLI,17-02-05-007,GASAKOLI PRI. SCH./GASAKOLI,0,0,0,0,1,0,1,1,0,0,0,0,0,
JIGAWA,BABURA,GASAKOLI,17-02-05-010,KAFINRABO/KAFINRABO,0,0,0,0,1,0,1,1,0,0,0,0,0,
JIGAWA,BABURA,GASAKOLI,17-02-05-011,MUNDU/MUNDU,0,0,0,0,1,0,1,1,0,0,0,0,0,
JIGAWA,BABURA,GASAKOLI,17-02-05-012,RATAYE PRI. SCH./RATAYE,0,0,0,0,1,0,1,1,0,0,0,0,0,
JIGAWA,BABURA,GASAKOLI,17-02-05-013,RATAYE PRI. SCH./RATAYE YAMMA,0,0,0,0,1,0,1,1,0,0,0,0,0,
JIGAWA,BABURA,GASAKOLI,17-02-05-015,TASHA PRI. SCH./TASHA,0,0,0,0,1,0,1,1,0,0,0,0,0,
JIGAWA,BIRNIN KUDU,BIRNIN KUDU,17-03-01-004,KOFAR FADA/VIEW CENTRE,0,0,0,0,1,0,1,1,0,0,0,0,0,
JIGAWA,BIRNIN KUDU,BIRNIN KUDU,17-03-01-013,DAURAWA/MAKOLE/DAURAWA,0,0,0,0,1,0,1,1,0,0,0,0,0,
JIGAWA,BIRNIN KUDU,KANGIRE,17-03-02-001,KANGIRE YAMMA/AREWA/KANGIRE P.S,0,0,0,0,1,0,1,1,0,0,0,0,0,
JIGAWA,BIRNIN KUDU,KANGIRE,17-03-02-002,GWALA/GWALA,0,0,0,0,1,0,1,1,0,0,0,0,0,
JIGAWA,BIRNIN KUDU,KANGIRE,17-03-02-003,KANGIRE GABAS/KANGIRE FILI,0,0,0,0,1,0,1,1,0,0,0,0,0,
JIGAWA,BIRNIN KUDU,KANGIRE,17-03-02-006,JANRUWA/JANRUWA,0,0,0,0,1,0,1,1,0,0,0,0,0,
JIGAWA,BIRNIN KUDU,KANGIRE,17-03-02-008,UNGUWAR MAKADDAS /JUWANTUDU,0,0,0,0,1,0,1,1,0,0,0,0,0,
JIGAWA,BIRNIN KUDU,KANGIRE,17-03-02-009,UNGUWAR MAKADDAS /JUWAN KWARI,0,0,0,0,1,0,1,1,0,0,0,0,0,
JIGAWA,BIRNIN KUDU,KANGIRE,17-03-02-010,SHAWU GABAS/YAMMA/SHAWU P.SCH.,0,0,0,0,1,0,1,1,0,0,0,0,0,
JIGAWA,BIRNIN KUDU,KANGIRE,17-03-02-011,DUMUS TSANGAYA/DUMUS TSANGAYA,0,0,0,0,1,0,1,1,0,0,0,0,0,
JIGAWA,BIRNIN KUDU,KANGIRE,17-03-02-012,DUMUS GABAS/YAMMA/DUMUS GABAS,0,0,0,0,1,0,1,1,0,0,0,0,0,
JIGAWA,BIRNIN KUDU,KANGIRE,17-03-02-013,DUMAS GABAS/ DUMUS P.SCH.,0,0,0,0,1,0,1,1,0,0,0,0,0,
JIGAWA,BIRNIN KUDU,KANGIRE,17-03-02-014,YALWA GABAS/YAMMA/YALWA YAMMA,0,0,0,0,1,0,1,1,0,0,0,0,0,
JIGAWA,BIRNIN KUDU,KANGIRE,17-03-02-015,WAZA GABAS/YAMMA/WAZA YAMMA,0,0,0,0,1,0,1,1,0,0,0,0,0,
JIGAWA,BIRNIN KUDU,KANGIRE,17-03-02-016,HALIMBE GIDAN BELLO/HALIMBE GIDAN BELLO,0,0,0,0,1,0,1,1,0,0,0,0,0,
JIGAWA,BIRNIN KUDU,KANGIRE,17-03-02-018,KURIMA/KOFAR AMBO,0,0,0,0,1,0,1,1,0,0,0,0,0,
JIGAWA,BIRNIN KUDU,KANGIRE,17-03-02-019,TSANGAYAR M. HALLIRU/GIDAN M. HALLIRU,0,0,0,0,1,0,1,1,0,0,0,0,0,
JIGAWA,BIRNIN KUDU,KANGIRE,17-03-02-020,UNGUWAR BUSA/GIDAN HARUNA TIGA,0,0,0,0,1,0,1,1,0,0,0,0,0,
JIGAWA,BIRNIN KUDU,KANGIRE,17-03-02-021,KUKAR DAN SARKI/KUKAR DAN SARKI,0,0,0,0,1,0,1,1,0,0,0,0,0,
JIGAWA,BIRNIN KUDU,KANGIRE,17-03-02-023,DANGAJE/DANGAJE,0,0,0,0,1,0,1,1,0,0,0,0,0,
JIGAWA,BIRNIN KUDU,KANTOGA,17-03-03-025,GATARI / KWADAGE GATARI,0,0,0,0,1,0,1,1,0,0,0,0,0,
JIGAWA,BIRNIN KUDU,SUNDIMINA,17-03-07-008,"KWARI CHARKWANTI, CHARKWANTI",0,0,0,0,1,0,1,1,0,0,0,0,0,
JIGAWA,BIRNIN KUDU,SUNDIMINA,17-03-07-020,YABAZA/CHINA'A YABAZA,0,0,0,0,1,0,1,1,0,0,0,0,0,
JIGAWA,BIRNIN KUDU,WURNO,17-03-10-024,DAKWARO/ADINAGA,0,0,0,0,1,0,1,1,0,0,0,0,0,
JIGAWA,BIRNIN KUDU,YALWAN DAMAI,17-03-11-001,YALWAN DAMAI P.S I,0,0,0,0,1,0,1,1,0,0,0,0,0,
JIGAWA,BIRNIN KUDU,YALWAN DAMAI,17-03-11-002,YALWAN DAMAI P.S II,0,0,0,0,1,0,1,1,0,0,0,0,0,
JIGAWA,BIRNIN KUDU,YALWAN DAMAI,17-03-11-003,YALWAN DAMAI  YAMMA,0,0,0,0,1,0,1,1,0,0,0,0,0,
JIGAWA,BIRNIN KUDU,YALWAN DAMAI,17-03-11-004,DOKOKI/GIDAN BARDE/DOKOKI P.SCH.,0,0,0,0,1,0,1,1,0,0,0,0,0,
JIGAWA,BIRNIN KUDU,YALWAN DAMAI,17-03-11-005,DOKOKI BAKIN KASUWA,0,0,0,0,1,0,1,1,0,0,0,0,0,
JIGAWA,BIRNIN KUDU,YALWAN DAMAI,17-03-11-006,KIYASAWA/JAURO IGUDA/ILIYASAWA,0,0,0,0,1,0,1,1,0,0,0,0,0,
JIGAWA,BIRNIN KUDU,YALWAN DAMAI,17-03-11-007,GIDAN  DARGE/F.GODIYA/ TSAKIYA,0,0,0,0,1,0,1,1,0,0,0,0,0,
JIGAWA,BIRNIN KUDU,YALWAN DAMAI,17-03-11-008,GIDAN SARKIN NOMA,0,0,0,0,1,0,1,1,0,0,0,0,0,
JIGAWA,BIRNIN KUDU,YALWAN DAMAI,17-03-11-009,GIDAN SARKIN FULANI,0,0,0,0,1,0,1,1,0,0,0,0,0,
JIGAWA,BIRNIN KUDU,YALWAN DAMAI,17-03-11-010,IGGI BAKIN KASUWA/IGGI P.S,0,0,0,0,1,0,1,1,0,0,0,0,0,
JIGAWA,BIRNIN KUDU,YALWAN DAMAI,17-03-11-011,IGGI P.S/IGGI KUDU,0,0,0,0,1,0,1,1,0,0,0,0,0,
JIGAWA,BIRNIN KUDU,YALWAN DAMAI,17-03-11-012,JAMBIRI/JAMBIRI,0,0,0,0,1,0,1,1,0,0,0,0,0,
JIGAWA,BIRNIN KUDU,YALWAN DAMAI,17-03-11-013,KAUYEN TOSHE/KAUYEN TOSHE,0,0,0,0,1,0,1,1,0,0,0,0,0,
JIGAWA,BIRNIN KUDU,YALWAN DAMAI,17-03-11-014,GULANDO/GIDAN GANDU /GIDAN GANDU,0,0,0,0,1,0,1,1,0,0,0,0,0,
JIGAWA,BIRNIN KUDU,YALWAN DAMAI,17-03-11-015,RAMIN KURA/RAMIN KURA P.S,0,0,0,0,1,0,1,1,0,0,0,0,0,
JIGAWA,BIRNIN KUDU,YALWAN DAMAI,17-03-11-016,BUDUSU/BUDUSU,0,0,0,0,1,0,1,1,0,0,0,0,0,
JIGAWA,BIRNIN KUDU,YALWAN DAMAI,17-03-11-017,AROBADE P.S,0,0,0,0,1,0,1,1,0,0,0,0,0,
JIGAWA,BIRNIN KUDU,YALWAN DAMAI,17-03-11-018,TSAMIYA GOMA,0,0,0,0,1,0,1,1,0,0,0,0,0,
JIGAWA,BIRNIN KUDU,YALWAN DAMAI,17-03-11-019,GIDAN BARDE/DAGWAJI/GIDAN BARDE,0,0,0,0,1,0,1,1,0,0,0,0,0,
JIGAWA,BIRNIN KUDU,YALWAN DAMAI,17-03-11-020,DANGOLI P.S/DAN GOLI P.S,0,0,0,0,1,0,1,1,0,0,0,0,0,
JIGAWA,BIRNIN KUDU,YALWAN DAMAI,17-03-11-021,DANGOLI KUDU,0,0,0,0,1,0,1,1,0,0,0,0,0,
JIGAWA,BIRNIN KUDU,YALWAN DAMAI,17-03-11-022,LIKKA/RUMBU WUYA,0,0,0,0,1,0,1,1,0,0,0,0,0,
JIGAWA,BIRNIN KUDU,YALWAN DAMAI,17-03-11-023,GIDAN SHEHU,0,0,0,0,1,0,1,1,0,0,0,0,0,
JIGAWA,BIRNIN KUDU,YALWAN DAMAI,17-03-11-024,KWAROSAWA,0,0,0,0,1,0,1,1,0,0,0,0,0,
JIGAWA,BIRNIN KUDU,YALWAN DAMAI,17-03-11-025,SOLI,0,0,0,0,1,0,1,1,0,0,0,0,0,
JIGAWA,BIRNIN KUDU,YALWAN DAMAI,17-03-11-026,GULANDO,0,0,0,0,1,0,1,1,0,0,0,0,0,
JIGAWA,BIRNIWA,DANGWALERI,17-04-03-011,RAKUMIN ARI PRI SCH./ RAKUMINARI / RAFA,0,0,0,0,1,0,1,1,0,0,0,0,0,
JIGAWA,BIRNIWA,DIGINSA,17-04-04-005,SUMBURTU PRI. SCH/ SUMBURTU/FULANI,0,0,0,0,1,0,1,1,0,0,0,0,0,
JIGAWA,BIRNIWA,DIGINSA,17-04-04-007,KOFAR MAIGARI/ KWAGGA/MAIZARIYA,0,0,0,0,1,0,1,1,0,0,0,0,0,
JIGAWA,BIRNIWA,DIGINSA,17-04-04-008,KOFAR MAIGARI/ABARI CILIN/ADAM,0,0,0,0,1,0,1,1,0,0,0,0,0,
JIGAWA,BIRNIWA,DIGINSA,17-04-04-009,KOFAR MAIGARI/CHILARO/FULANI DIGINSA,0,0,0,0,1,0,1,1,0,0,0,0,0,
JIGAWA,BIRNIWA,DIGINSA,17-04-04-012,BARBURAMI PRI. SCH/ BARBURAM,0,0,0,0,1,0,1,1,0,0,0,0,0,
JIGAWA,BIRNIWA,DIGINSA,17-04-04-015,KUZO YARA PRI SCH./KUZO-YARA/GALLIMA G.,0,0,0,0,1,0,1,1,0,0,0,0,0,
JIGAWA,BIRNIWA,FAGI,17-04-05-010,TAMSUGU DOGO PRI. SCH./ TAMSUGU DOGO,0,0,0,0,1,0,1,1,0,0,0,0,0,
JIGAWA,BIRNIWA,KAZURA,17-04-08-001,KAZURA PRI. SCH KAZURA/JARUWA/GILAGI,0,0,0,0,1,0,1,1,0,0,0,0,0,
JIGAWA,BIRNIWA,MATAMU,17-04-10-003,KOFAR MAIGARI/HAUSHINDOLE / MAINADUGUNI,0,0,0,0,1,0,1,1,0,0,0,0,0,
JIGAWA,BUJI,CHURBUN,17-05-03-005,PRI. SCH. JAJI KOLI GABAS,0,0,0,0,1,0,1,1,0,0,0,0,0,
JIGAWA,BUJI,KAWAYA,17-05-06-001,SAGU GABAS PRI. SCH.,0,0,0,0,1,0,1,1,0,0,0,0,0,
JIGAWA,BUJI,KAWAYA,17-05-06-002,SAGU YAMMA PRI. SCH.,0,0,0,0,1,0,1,1,0,0,0,0,0,
JIGAWA,BUJI,KAWAYA,17-05-06-003,KAWAYA PRI. SCH.,0,0,0,0,1,0,1,1,0,0,0,0,0,
JIGAWA,BUJI,KAWAYA,17-05-06-005,GWADAYI KUDU PRI. SCH.,0,0,0,0,1,0,1,1,0,0,0,0,0,
JIGAWA,BUJI,KAWAYA,17-05-06-006,GWADAYI YAMMA PRI. SCH.,0,0,0,0,1,0,1,1,0,0,0,0,0,
JIGAWA,BUJI,KAWAYA,17-05-06-007,GANGAU/GIDAN BEBE KOFAR FADA,0,0,0,0,1,0,1,1,0,0,0,0,0,
JIGAWA,BUJI,KAWAYA,17-05-06-008,BATURA / ALKALERI KOFAR FADA,0,0,0,0,1,0,1,1,0,0,0,0,0,
JIGAWA,BUJI,KUKUMA,17-05-07-001,KUKUMA AREWA PRI. SCH.,0,0,0,0,1,0,1,1,0,0,0,0,0,
JIGAWA,BUJI,KUKUMA,17-05-07-002,KUKUMA  FADA PRI. SCH.,0,0,0,0,1,0,1,1,0,0,0,0,0,
JIGAWA,BUJI,KUKUMA,17-05-07-003,JIGAWAR MEGA KOFAR FADA,0,0,0,0,1,0,1,1,0,0,0,0,0,
JIGAWA,BUJI,KUKUMA,17-05-07-004,GUDDUBA SHATOKA KOFAR FADA,0,0,0,0,1,0,1,1,0,0,0,0,0,
JIGAWA,BUJI,KUKUMA,17-05-07-005,DAN KOSHE GARI/FULANI PRI. SCH.,0,0,0,0,1,0,1,1,0,0,0,0,0,
JIGAWA,BUJI,KUKUMA,17-05-07-006,GWAN GWAN KOFAR FADA,0,0,0,0,1,0,1,1,0,0,0,0,0,
JIGAWA,BUJI,KUKUMA,17-05-07-007,AZANAHU KOFAR FADA,0,0,0,0,1,0,1,1,0,0,0,0,0,
JIGAWA,BUJI,KUKUMA,17-05-07-009,BAKWARGA FADA AREWA PRI. SCH.,0,0,0,0,1,0,1,1,0,0,0,0,0,
JIGAWA,BUJI,KUKUMA,17-05-07-010,WARAWA/ KOFAR FADA,0,0,0,0,1,0,1,1,0,0,0,0,0,
JIGAWA,BUJI,KUKUMA,17-05-07-011,LIRINDE KOFAR FADA,0,0,0,0,1,0,1,1,0,0,0,0,0,
JIGAWA,BUJI,KUKUMA,17-05-07-012,KWARINJA KOFAR FADA,0,0,0,0,1,0,1,1,0,0,0,0,0,
JIGAWA,BUJI,Y/TUKUR,17-05-10-007,YALWA KOFAR FADA,0,0,0,0,1,0,1,1,0,0,0,0,0,
JIGAWA,BUJI,Y/TUKUR,17-05-10-008,KOFAR FADA GONGEL KANAWA/FULANI,0,0,0,0,1,0,1,1,0,0,0,0,0,
JIGAWA,BUJI,Y/TUKUR,17-05-10-009,K/MAIUNGUWA RIGAR FADA,0,0,0,0,1,0,1,1,0,0,0,0,0,
JIGAWA,DUTSE,JIGAWAR TSADA,17-06-05-004,GANDU,0,0,0,0,1,0,1,1,0,0,0,0,0,
JIGAWA,DUTSE,MADOBI,17-06-10-007,KARGO,0,0,0,0,1,0,1,1,0,0,0,0,0,
JIGAWA,DUTSE,MADOBI,17-06-10-014,MADOBI YAMMA PRI. SCH.,0,0,0,0,1,0,1,1,0,0,0,0,0,
JIGAWA,DUTSE,MADOBI,17-06-10-016,SHARI FAI,0,0,0,0,1,0,1,1,0,0,0,0,0,
JIGAWA,DUTSE,MADOBI,17-06-10-017,SUMORE PRI. SCH.,0,0,0,0,1,0,1,1,0,0,0,0,0,
JIGAWA,GAGARAWA,GAGARAWA GARI,17-08-01-001,GARIN /PRI. SCH  GARIN GOTO PRI. SCH.,0,0,0,0,1,0,1,1,0,0,0,0,0,
JIGAWA,GAGARAWA,GAGARAWA GARI,17-08-01-002,GURFELI GARI PRI. SCH.,0,0,0,0,1,0,1,1,0,0,0,0,0,
JIGAWA,GAGARAWA,GAGARAWA GARI,17-08-01-003,GAGARAWA GARI PRI. SCH.,0,0,0,0,1,0,1,1,0,0,0,0,0,
JIGAWA,GAGARAWA,GAGARAWA GARI,17-08-01-004,JAFTAR PRI. SCH.,0,0,0,0,1,0,1,1,0,0,0,0,0,
JIGAWA,GAGARAWA,GAGARAWA GARI,17-08-01-005,KOFAR FADA/ GAGARAWA GARI,0,0,0,0,1,0,1,1,0,0,0,0,0,
JIGAWA,GAGARAWA,GAGARAWA GARI,17-08-01-006,KOFAR FADA/ UNGUWAR LIMAN,0,0,0,0,1,0,1,1,0,0,0,0,0,
JIGAWA,GAGARAWA,GAGARAWA TASHA,17-08-02-001,KOFAR MAIGARI / MALA KWANDO,0,0,0,0,1,0,1,1,0,0,0,0,0,
JIGAWA,GAGARAWA,GAGARAWA TASHA,17-08-02-002,UNGUWAR WAKILI/UNGUWAR WAKILI,0,0,0,0,1,0,1,1,0,0,0,0,0,
JIGAWA,GAGARAWA,GAGARAWA TASHA,17-08-02-004,UNGUWAR YANHOTO/YAN-HOTO,0,0,0,0,1,0,1,1,0,0,0,0,0,
JIGAWA,GAGARAWA,GAGARAWA TASHA,17-08-02-006,KOFAR MAI MAKERA/TUDUNGANA,0,0,0,0,1,0,1,1,0,0,0,0,0,
JIGAWA,GAGARAWA,GAGARAWA TASHA,17-08-02-007,KOFAR FADA/NASARAWA,0,0,0,0,1,0,1,1,0,0,0,0,0,
JIGAWA,GAGARAWA,GARIN CHIROMA,17-08-03-001,GAYAWAR MALAM/PRI. SCH.,0,0,0,0,1,0,1,1,0,0,0,0,0,
JIGAWA,GAGARAWA,GARIN CHIROMA,17-08-03-002,GARIN CHIROMA/PRI SCH I,0,0,0,0,1,0,1,1,0,0,0,0,0,
JIGAWA,GAGARAWA,GARIN CHIROMA,17-08-03-003,GARIN CHIROMA/PRI SCH II,0,0,0,0,1,0,1,1,0,0,0,0,0,
JIGAWA,GAGARAWA,GARIN CHIROMA,17-08-03-004,KOFAR MAIGARI/MALKADERI,0,0,0,0,1,0,1,1,0,0,0,0,0,
JIGAWA,GAGARAWA,GARIN CHIROMA,17-08-03-007,KOFAR MAIGARI/GODA,0,0,0,0,1,0,1,1,0,0,0,0,0,
JIGAWA,GAGARAWA,GARIN CHIROMA,17-08-03-008,KOFAR MAIGARI/GARIN BAUSHE,0,0,0,0,1,0,1,1,0,0,0,0,0,
JIGAWA,GAGARAWA,GARIN CHIROMA,17-08-03-009,KOFAR MAIGARI/ GAYAWAR TUDU,0,0,0,0,1,0,1,1,0,0,0,0,0,
JIGAWA,GAGARAWA,KORE BALATU,17-08-04-002,KOFAR BULAMA/KORE BALATU,0,0,0,0,1,0,1,1,0,0,0,0,0,
JIGAWA,GAGARAWA,KORE BALATU,17-08-04-004,KOFAR FADA/DANMADAI,0,0,0,0,1,0,1,1,0,0,0,0,0,
JIGAWA,GAGARAWA,KORE BALATU,17-08-04-005,KANYU PRI. SCH.,0,0,0,0,1,0,1,1,0,0,0,0,0,
JIGAWA,GAGARAWA,MADAKA,17-08-05-002,BARAYE PRI. SCH.,0,0,0,0,1,0,1,1,0,0,0,0,0,
JIGAWA,GAGARAWA,MAIADUWA,17-08-06-001,MAKERABU PRI. SCH.,0,0,0,0,1,0,1,1,0,0,0,0,0,
JIGAWA,GAGARAWA,MAIADUWA,17-08-06-004,KOFAR FADA/MAISHADA,0,0,0,0,1,0,1,1,0,0,0,0,0,
JIGAWA,GAGARAWA,MAIADUWA,17-08-06-006,MAI'ADUWA PRI. SCH  I,0,0,0,0,1,0,1,1,0,0,0,0,0,
JIGAWA,GAGARAWA,MAIADUWA,17-08-06-008,MAI'ADUWA PRI. SCH  II,0,0,0,0,1,0,1,1,0,0,0,0,0,
JIGAWA,GAGARAWA,MAIKILILI,17-08-07-001,KANGARWA PRI. SCH.,0,0,0,0,1,0,1,1,0,0,0,0,0,
JIGAWA,GAGARAWA,MAIKILILI,17-08-07-002,ZINGARAN PRI. SCH.,0,0,0,0,1,0,1,1,0,0,0,0,0,
JIGAWA,GAGARAWA,MAIKILILI,17-08-07-003,KOFAR FADA/NAHUCE,0,0,0,0,1,0,1,1,0,0,0,0,0,
JIGAWA,GAGARAWA,MAIKILILI,17-08-07-004,ALASAWA PRI. SCH.,0,0,0,0,1,0,1,1,0,0,0,0,0,
JIGAWA,GAGARAWA,MAIKILILI,17-08-07-005,MAIKILILI PRI. SCH.,0,0,0,0,1,0,1,1,0,0,0,0,0,
JIGAWA,GAGARAWA,MAIKILILI,17-08-07-006,KOFAR FADA/MAIKILILI,0,0,0,0,1,0,1,1,0,0,0,0,0,
JIGAWA,GAGARAWA,MAIKILILI,17-08-07-007,KOFAR FADA/BULA SHAMAKI,0,0,0,0,1,0,1,1,0,0,0,0,0,
JIGAWA,GAGARAWA,MAIKILILI,17-08-07-008,BULA BABBA PRI. SCH.,0,0,0,0,1,0,1,1,0,0,0,0,0,
JIGAWA,GAGARAWA,MAIKILILI,17-08-07-009,KOFAR FADA/GARIN LAMO,0,0,0,0,1,0,1,1,0,0,0,0,0,
JIGAWA,GAGARAWA,MEDU,17-08-08-001,MEDIN LABAN PRI. SCH,0,0,0,0,1,0,1,1,0,0,0,0,0,
JIGAWA,GAGARAWA,MEDU,17-08-08-002,HABATSAI PRI. SCH.,0,0,0,0,1,0,1,1,0,0,0,0,0,
JIGAWA,GAGARAWA,MEDU,17-08-08-003,KOFAR FADA/FURYA GARI,0,0,0,0,1,0,1,1,0,0,0,0,0,
JIGAWA,GAGARAWA,MEDU,17-08-08-004,MEDI GARI PRI. SCH  I,0,0,0,0,1,0,1,1,0,0,0,0,0,
JIGAWA,GAGARAWA,MEDU,17-08-08-005,MEDI GARI PRI. SCH  II,0,0,0,0,1,0,1,1,0,0,0,0,0,
JIGAWA,GAGARAWA,MEDU,17-08-08-006,MEDI GARI KOFA FADA,0,0,0,0,1,0,1,1,0,0,0,0,0,
JIGAWA,GAGARAWA,MEDU,17-08-08-007,DANDALIN ZARO/ZARO,0,0,0,0,1,0,1,1,0,0,0,0,0,
JIGAWA,GAGARAWA,MEDU,17-08-08-008,KOFAR FADA/GARIN DUTSE,0,0,0,0,1,0,1,1,0,0,0,0,0,
JIGAWA,GAGARAWA,MEDU,17-08-08-009,MAIJERUWA PRI. SCH.,0,0,0,0,1,0,1,1,0,0,0,0,0,
JIGAWA,GUMEL,DANTANOMA,17-09-03-003,DANTANOMA  JIKIN INJI NIKA,0,0,0,0,1,0,1,1,0,0,0,0,0,
JIGAWA,GUMEL,DANTANOMA,17-09-03-010,SABON LAYI K/YUSUF DAN AUTA,0,0,0,0,1,0,1,1,0,0,0,0,0,
JIGAWA,JAHUN,AUJARA,17-14-01-013,GIDAN BANGWARO,0,0,0,0,1,0,1,1,0,0,0,0,0,
JIGAWA,JAHUN,AUJARA,17-14-01-019,KWADAGE,0,0,0,0,1,0,1,1,0,0,0,0,0,
JIGAWA,JAHUN,AUJARA,17-14-01-024,GABASHI/KAWARI,0,0,0,0,1,0,1,1,0,0,0,0,0,
JIGAWA,JAHUN,GAUZA TAZARA,17-14-03-002,TAZARA,0,0,0,0,1,0,1,1,0,0,0,0,0,
JIGAWA,JAHUN,GUNKA,17-14-04-001,UNGUWAR. MADAKI I,0,0,0,0,1,0,1,1,0,0,0,0,0,
JIGAWA,JAHUN,GUNKA,17-14-04-002,UNG. GALADIMA/UNG. GALADIMA  I,0,0,0,0,1,0,1,1,0,0,0,0,0,
JIGAWA,JAHUN,GUNKA,17-14-04-003,UNG. GALADIMA/UNG. GALADIMA  II,0,0,0,0,1,0,1,1,0,0,0,0,0,
JIGAWA,JAHUN,GUNKA,17-14-04-004,UNGUWAR MADAKI II,0,0,0,0,1,0,1,1,0,0,0,0,0,
JIGAWA,JAHUN,GUNKA,17-14-04-005,GALADIMA/GALADIMA,0,0,0,0,1,0,1,1,0,0,0,0,0,
JIGAWA,JAHUN,GUNKA,17-14-04-006,NAHUCE/NAHUCE,0,0,0,0,1,0,1,1,0,0,0,0,0,
JIGAWA,JAHUN,GUNKA,17-14-04-007,YANLEMAN,0,0,0,0,1,0,1,1,0,0,0,0,0,
JIGAWA,JAHUN,GUNKA,17-14-04-008,UNG. GALADIMA/UNG. GALADIMA,0,0,0,0,1,0,1,1,0,0,0,0,0,
JIGAWA,JAHUN,GUNKA,17-14-04-009,GIDAN GONA CIKIN GARI/G/GONO GARI,0,0,0,0,1,0,1,1,0,0,0,0,0,
JIGAWA,JAHUN,GUNKA,17-14-04-010,TANTSAR/TANTSAR,0,0,0,0,1,0,1,1,0,0,0,0,0,
JIGAWA,JAHUN,GUNKA,17-14-04-011,MAIMAKO/MAIMAKO,0,0,0,0,1,0,1,1,0,0,0,0,0,
JIGAWA,JAHUN,GUNKA,17-14-04-012,TSURUTAWA,0,0,0,0,1,0,1,1,0,0,0,0,0,
JIGAWA,JAHUN,GUNKA,17-14-04-014,DARAICIKIN GARI/DARAI C/GARI,0,0,0,0,1,0,1,1,0,0,0,0,0,
JIGAWA,JAHUN,GUNKA,17-14-04-015,JAMAA/JATA/TANTSAR/JAMAA/JATA/TANTSAR,0,0,0,0,1,0,1,1,0,0,0,0,0,
JIGAWA,JAHUN,GUNKA,17-14-04-016,GIDAN DUMA,0,0,0,0,1,0,1,1,0,0,0,0,0,
JIGAWA,JAHUN,GUNKA,17-14-04-017,MAKURDA,0,0,0,0,1,0,1,1,0,0,0,0,0,
JIGAWA,JAHUN,GUNKA,17-14-04-018,TAKAI,0,0,0,0,1,0,1,1,0,0,0,0,0,
JIGAWA,JAHUN,GUNKA,17-14-04-020,ZANGON KANYA/ZANGON KANYA,0,0,0,0,1,0,1,1,0,0,0,0,0,
JIGAWA,JAHUN,GUNKA,17-14-04-021,KARGO CIKIN GARI/KARGO CIKIN GARI,0,0,0,0,1,0,1,1,0,0,0,0,0,
JIGAWA,JAHUN,GUNKA,17-14-04-022,KAWARIN MALAM/KWARIN MALAM,0,0,0,0,1,0,1,1,0,0,0,0,0,
JIGAWA,JAHUN,GUNKA,17-14-04-023,RAMANU/RAMANU,0,0,0,0,1,0,1,1,0,0,0,0,0,
JIGAWA,JAHUN,IDANDUNA,17-14-07-001,IDANDUNA C./GARI  IDANDUNA C./GARI,0,0,0,0,1,0,1,1,0,0,0,0,0,
JIGAWA,JAHUN,IDANDUNA,17-14-07-002,IDANDUNA SADIKAWA,0,0,0,0,1,0,1,1,0,0,0,0,0,
JIGAWA,JAHUN,IDANDUNA,17-14-07-003,IDANDUNA DINZAI,0,0,0,0,1,0,1,1,0,0,0,0,0,
JIGAWA,JAHUN,IDANDUNA,17-14-07-004,RINDE C/GARI/RINDE C/GARI I,0,0,0,0,1,0,1,1,0,0,0,0,0,
JIGAWA,JAHUN,IDANDUNA,17-14-07-005,RINDE C./GARI  RINDE C/GARI II,0,0,0,0,1,0,1,1,0,0,0,0,0,
JIGAWA,JAHUN,IDANDUNA,17-14-07-006,LIKINDI,0,0,0,0,1,0,1,1,0,0,0,0,0,
JIGAWA,JAHUN,IDANDUNA,17-14-07-007,TSALLIYA,0,0,0,0,1,0,1,1,0,0,0,0,0,
JIGAWA,JAHUN,IDANDUNA,17-14-07-008,ACHAU C/GARI I,0,0,0,0,1,0,1,1,0,0,0,0,0,
JIGAWA,JAHUN,IDANDUNA,17-14-07-009,ACHAU BARNOJI,0,0,0,0,1,0,1,1,0,0,0,0,0,
JIGAWA,JAHUN,IDANDUNA,17-14-07-010,ACHAU C/GARI II,0,0,0,0,1,0,1,1,0,0,0,0,0,
JIGAWA,JAHUN,IDANDUNA,17-14-07-011,GWAMPAI C./GARI   GWAMPAI C./GARI,0,0,0,0,1,0,1,1,0,0,0,0,0,
JIGAWA,JAHUN,IDANDUNA,17-14-07-013,GALADIMA JIBO,0,0,0,0,1,0,1,1,0,0,0,0,0,
JIGAWA,JAHUN,KALE,17-14-10-001,KALE CIKIN GARI/KALE CIKIN GARI I,0,0,0,0,1,0,1,1,0,0,0,0,0,
JIGAWA,JAHUN,KALE,17-14-10-003,GIDAN SAKIN NOMA/GIDAN SARKIN NOMA,0,0,0,0,1,0,1,1,0,0,0,0,0,
JIGAWA,JAHUN,KALE,17-14-10-006,MALAM GWAJA/MALAM GWAJA,0,0,0,0,1,0,1,1,0,0,0,0,0,
JIGAWA,JAHUN,KALE,17-14-10-007,CHIROMAWA/CHIROMAWA I,0,0,0,0,1,0,1,1,0,0,0,0,0,
JIGAWA,JAHUN,KALE,17-14-10-009,SUKULLIFI/SUKULLIFI,0,0,0,0,1,0,1,1,0,0,0,0,0,
JIGAWA,JAHUN,KALE,17-14-10-010,GIDAN DATTI/GIDAN DATTI,0,0,0,0,1,0,1,1,0,0,0,0,0,
JIGAWA,JAHUN,KALE,17-14-10-012,GIDAN DANGO CIKIN GARI/GIDAN DANGO CIKIN GARI,0,0,0,0,1,0,1,1,0,0,0,0,0,
JIGAWA,JAHUN,KALE,17-14-10-013,KOFAR YAMMA/KOFAR YAMMA I,0,0,0,0,1,0,1,1,0,0,0,0,0,
JIGAWA,JAHUN,KALE,17-14-10-014,KORAN MALAM,0,0,0,0,1,0,1,1,0,0,0,0,0,
JIGAWA,JAHUN,KALE,17-14-10-016,KOFAR YAMMA/KOFAR YAMMA  III,0,0,0,0,1,0,1,1,0,0,0,0,0,
JIGAWA,JAHUN,KALE,17-14-10-017,GIDAN ZAKI CIKIN GARI/GIDAN ZAKI CIKIN GARI,0,0,0,0,1,0,1,1,0,0,0,0,0,
JIGAWA,JAHUN,KALE,17-14-10-018,GIDAN FARA CIKIN GARI/GIDAN  FARA CIKIN GARI,0,0,0,0,1,0,1,1,0,0,0,0,0,
JIGAWA,KIRIKA SAMMA,BULUNCHAI,17-18-02-002,DILMARI PRI. SCH./ DILMARI,0,0,0,0,1,0,1,1,0,0,0,0,0,
JIGAWA,KIRIKA SAMMA,BULUNCHAI,17-18-02-003,DILMARI/GANDARMA PRI SCH,0,0,0,0,1,0,1,1,0,0,0,0,0,
JIGAWA,KIRIKA SAMMA,BULUNCHAI,17-18-02-004,SUNKUYE PRI. SCH./ SUNKUYE,0,0,0,0,1,0,1,1,0,0,0,0,0,
JIGAWA,KIRIKA SAMMA,BULUNCHAI,17-18-02-005,ALLUWARI/ALLUWARI / JARMARI,0,0,0,0,1,0,1,1,0,0,0,0,0,
JIGAWA,KIRIKA SAMMA,BULUNCHAI,17-18-02-006,JARMARI PRI. SCH.,0,0,0,0,1,0,1,1,0,0,0,0,0,
JIGAWA,KIRIKA SAMMA,FANDUM,17-18-04-001,FANDUM PRI. SCH. /FANDUM / FULANI,0,0,0,0,1,0,1,1,0,0,0,0,0,
JIGAWA,KIRIKA SAMMA,FANDUM,17-18-04-002,FANDUM PRI. SCH./ FANDUM / JIGAWA,0,0,0,0,1,0,1,1,0,0,0,0,0,
JIGAWA,KIRIKA SAMMA,FANDUM,17-18-04-003,KAIWARI/KAIWARI,0,0,0,0,1,0,1,1,0,0,0,0,0,
JIGAWA,KIRIKA SAMMA,FANDUM,17-18-04-004,ILALLAH PRI. SCH./ ILALLAH,0,0,0,0,1,0,1,1,0,0,0,0,0,
JIGAWA,KIRIKA SAMMA,FANDUM,17-18-04-005,JAMA'AR SUGA/JJAMA'AR SUGA,0,0,0,0,1,0,1,1,0,0,0,0,0,
JIGAWA,KIRIKA SAMMA,FANDUM,17-18-04-006,MATARAR GALADIMA PRI. SCH. / MATARAR GALADIMA,0,0,0,0,1,0,1,1,0,0,0,0,0,
JIGAWA,KIRIKA SAMMA,FANDUM,17-18-04-007,MATARAR GALADIMA PRI. SCH.,0,0,0,0,1,0,1,1,0,0,0,0,0,
JIGAWA,KIRIKA SAMMA,FANDUM,17-18-04-008,SUGA PRI. SCH./ SUGA,0,0,0,0,1,0,1,1,0,0,0,0,0,
JIGAWA,KIRIKA SAMMA,FANDUM,17-18-04-009,MALINTA PRI. SCH./ MALINTA,0,0,0,0,1,0,1,1,0,0,0,0,0,
JIGAWA,KIRIKA SAMMA,FANDUM,17-18-04-010,TAGE PRI. SCH. /TAGE,0,0,0,0,1,0,1,1,0,0,0,0,0,
JIGAWA,KIRIKA SAMMA,FANDUM,17-18-04-011,JIYAN PRI. SCH. /JIYAN,0,0,0,0,1,0,1,1,0,0,0,0,0,
JIGAWA,KIRIKA SAMMA,FANDUM,17-18-04-012,JIYAN PRI. SCH. /JIYAN/ MASAMA,0,0,0,0,1,0,1,1,0,0,0,0,0,
JIGAWA,KIRIKA SAMMA,FANDUM,17-18-04-013,GANDU/GANDU,0,0,0,0,1,0,1,1,0,0,0,0,0,
JIGAWA,KIRIKA SAMMA,FANDUM,17-18-04-014,MATARAMIN FULANI/M FULANI,0,0,0,0,1,0,1,1,0,0,0,0,0,
JIGAWA,KIRIKA SAMMA,FANDUM,17-18-04-016,GILAKOCHINI /PRI. SCH./ GILAKOCHINI,0,0,0,0,1,0,1,1,0,0,0,0,0,
JIGAWA,KIRIKA SAMMA,FANDUM,17-18-04-017,MARAGWADO/MARAGWADO,0,0,0,0,1,0,1,1,0,0,0,0,0,
JIGAWA,KIRIKA SAMMA,FANDUM,17-18-04-018,KUBAYO/KUBAYO,0,0,0,0,1,0,1,1,0,0,0,0,0,
JIGAWA,KIRIKA SAMMA,FANDUM,17-18-04-019,BAUSHE/BAUSHE,0,0,0,0,1,0,1,1,0,0,0,0,0,
JIGAWA,KIRIKA SAMMA,FANDUM,17-18-04-020,JIYAN PRI. SCH. /JIYAN,0,0,0,0,1,0,1,1,0,0,0,0,0,
JIGAWA,KIRIKA SAMMA,FANDUM,17-18-04-022,MASAMA/MASAMA,0,0,0,0,1,0,1,1,0,0,0,0,0,
JIGAWA,KIRIKA SAMMA,TARABU,17-18-10-006,TUWANKALTA/TUWANKALTA,0,0,0,0,1,0,1,1,0,0,0,0,0,
JIGAWA,MAIGATARI,BALARABE,17-20-01-016,DANMANOMI,0,0,0,0,1,0,1,1,0,0,0,0,0,
JIGAWA,MAIGATARI,KUKAYASKU,17-20-06-017,GARIN HARU/GARIN HARU,0,0,0,0,1,0,1,1,0,0,0,0,0,
JIGAWA,MAIGATARI,MAIGATARI AREWA,17-20-08-004,GIDAN GAWO/ UNGUWAR ALHAJI I,0,0,0,0,1,0,1,1,0,0,0,0,0,
JIGAWA,RINGIM,CHAI-CHAI,17-23-01-002,CHAI-CHAI PRI. SCH.  CHAI-CHAI YAMMA,0,0,0,0,1,0,1,1,0,0,0,0,0,
JIGAWA,RINGIM,CHAI-CHAI,17-23-01-007,KOFAR MAI UNGUWA/GIDAN KUTUMBI/G/YAKO/G/DAMINA,0,0,0,0,1,0,1,1,0,0,0,0,0,
JIGAWA,RINGIM,CHAI-CHAI,17-23-01-014,GIDAN SANI PRI. SCH.  GIDAN SANI,0,0,0,0,1,0,1,1,0,0,0,0,0,
JIGAWA,RINGIM,CHAI-CHAI,17-23-01-015,GIDAN KUTUMBI/G/YAKO/G/DAMINA,0,0,0,0,1,0,1,1,0,0,0,0,0,
JIGAWA,RINGIM,DABI,17-23-02-012,KOFAR MAIUNGUWA/LANYOYAL,0,0,0,0,1,0,1,1,0,0,0,0,0,
JIGAWA,RINGIM,KYARAMA,17-23-05-009,KOFAR MAI'UNGUWA/KARZA,0,0,0,0,1,0,1,1,0,0,0,0,0,
JIGAWA,RINGIM,KYARAMA,17-23-05-010,NISAN MARKE PRI. SCH I,0,0,0,0,1,0,1,1,0,0,0,0,0,
JIGAWA,RINGIM,RINGIM,17-23-06-023,BAGON JANI PRI. SCH. BAGON JANI/LARABAWA,0,0,0,0,1,0,1,1,0,0,0,0,0,
JIGAWA,RINGIM,SINTILMAWA,17-23-08-001,SINTILMAWA PRI. SCH. SINTILMAWA I,0,0,0,0,1,0,1,1,0,0,0,0,0,
JIGAWA,RINGIM,SINTILMAWA,17-23-08-002,SINTILMAWA PRI. SCH. SINTILMAWA II,0,0,0,0,1,0,1,1,0,0,0,0,0,
JIGAWA,RINGIM,SINTILMAWA,17-23-08-007,GUJABA PRI. SCH.  GUJABA II,0,0,0,0,1,0,1,1,0,0,0,0,0,
JIGAWA,RINGIM,SINTILMAWA,17-23-08-008,KARWAI PRI. SCH. KARWAI/MAGO,0,0,0,0,1,0,1,1,0,0,0,0,0,
JIGAWA,RINGIM,SINTILMAWA,17-23-08-012,KOFAR MAI'UNGUWA/TSUNGUR FULANI,0,0,0,0,1,0,1,1,0,0,0,0,0,
JIGAWA,RINGIM,SINTILMAWA,17-23-08-015,KOFAR MAI'UNGUWA/CHARKAWA,0,0,0,0,1,0,1,1,0,0,0,0,0,
JIGAWA,RINGIM,TOFA,17-23-09-004,KOFAR MAIUNGUWA/YANTASAU,0,0,0,0,1,0,1,1,0,0,0,0,0,
JIGAWA,RINGIM,YANDUTSE,17-23-10-012,ADAMBAS PRI. SCH. ADAMBAS/DAGE,0,0,0,0,1,0,1,1,0,0,0,0,0,
JIGAWA,RONI,AMARYAWA,17-24-01-001,AMARYAWA PRI. SCH./ AMARYAWA I,0,0,0,0,1,0,1,1,0,0,0,0,0,
JIGAWA,RONI,AMARYAWA,17-24-01-005,KURMI G.MAI'UNGUWA/KURMI,0,0,0,0,1,0,1,1,0,0,0,0,0,
JIGAWA,RONI,AMARYAWA,17-24-01-007,JARINGA,0,0,0,0,1,0,1,1,0,0,0,0,0,
JIGAWA,RONI,AMARYAWA,17-24-01-008,KARI CIKIN GARI/KARI,0,0,0,0,1,0,1,1,0,0,0,0,0,
JIGAWA,RONI,AMARYAWA,17-24-01-012,MAMUDAWA S/GARI,0,0,0,0,1,0,1,1,0,0,0,0,0,
JIGAWA,RONI,DANSURE,17-24-03-010,DANSURE PRI. SCH. /SABON GARI III,0,0,0,0,1,0,1,1,0,0,0,0,0,
JIGAWA,RONI,FARA,17-24-04-003,DANTAIMU CIKIN GARI/DANTAIMU,0,0,0,0,1,0,1,1,0,0,0,0,0,
JIGAWA,RONI,SANKAU,17-24-08-008,GIDAN MAIUNGUWA/RUWAN DUTSE,0,0,0,0,1,0,1,1,0,0,0,0,0,
JIGAWA,RONI,TUNAS,17-24-09-001,DANDALI / SANTAR TSAYE,0,0,0,0,1,0,1,1,0,0,0,0,0,
JIGAWA,RONI,TUNAS,17-24-09-006,UNG. MANI CIKIN GARI / UNG. MANI I,0,0,0,0,1,0,1,1,0,0,0,0,0,
JIGAWA,SULE-TANKARKAR,DANGWANKI,17-25-03-013,DANKIRA PRI. SCH. DANKIRA,0,0,0,0,1,0,1,1,0,0,0,0,0,
JIGAWA,SULE-TANKARKAR,DANLADI,17-25-04-001,DANLADI PRI. SCH. DANLADI I,0,0,0,0,1,0,1,1,0,0,0,0,0,
JIGAWA,SULE-TANKARKAR,DANLADI,17-25-04-002,DANLADI PRI. SCH. DANLADI II,0,0,0,0,1,0,1,1,0,0,0,0,0,
JIGAWA,SULE-TANKARKAR,DANLADI,17-25-04-003,ACHAUYA PRI. SCH. ACHAUYA  I,0,0,0,0,1,0,1,1,0,0,0,0,0,
JIGAWA,SULE-TANKARKAR,DANLADI,17-25-04-005,GANGARA PRI. SCH. GANGARA,0,0,0,0,1,0,1,1,0,0,0,0,0,
JIGAWA,SULE-TANKARKAR,DANLADI,17-25-04-006,B/SARA PRI. SCH. BABBANSARA,0,0,0,0,1,0,1,1,0,0,0,0,0,
JIGAWA,SULE-TANKARKAR,DANLADI,17-25-04-007,MALAM BAKO PRI. SCH. MALAM BAKO I,0,0,0,0,1,0,1,1,0,0,0,0,0,
JIGAWA,SULE-TANKARKAR,DANLADI,17-25-04-008,MALAM BAKO PRI. SCH. MALAM BAKO II,0,0,0,0,1,0,1,1,0,0,0,0,0,
JIGAWA,SULE-TANKARKAR,DANLADI,17-25-04-009,S/GARI PRI. SCH. SABON GARI,0,0,0,0,1,0,1,1,0,0,0,0,0,
JIGAWA,SULE-TANKARKAR,DANLADI,17-25-04-010,GWADAYI PRI. SCH. GWADAYI,0,0,0,0,1,0,1,1,0,0,0,0,0,
JIGAWA,SULE-TANKARKAR,DANLADI,17-25-04-012,TAGWAYEN KUKA,0,0,0,0,1,0,1,1,0,0,0,0,0,
JIGAWA,SULE-TANKARKAR,DANZOMO,17-25-05-001,DANZOMO PRI. SCH DANZOMO I,0,0,0,0,1,0,1,1,0,0,0,0,0,
JIGAWA,SULE-TANKARKAR,DANZOMO,17-25-05-002,DANZOMO PRI. SCH DANZOMO II,0,0,0,0,1,0,1,1,0,0,0,0,0,
JIGAWA,SULE-TANKARKAR,DANZOMO,17-25-05-003,D/GAWA GARI PRI. SCH. D/GAWA GARI I,0,0,0,0,1,0,1,1,0,0,0,0,0,
JIGAWA,SULE-TANKARKAR,DANZOMO,17-25-05-004,D/GAWA GARI PRI. SCH. D/GAWA,0,0,0,0,1,0,1,1,0,0,0,0,0,
JIGAWA,SULE-TANKARKAR,DANZOMO,17-25-05-005,G/MADAWAKI PRI. SCH.  GARIN MADAWAKI,0,0,0,0,1,0,1,1,0,0,0,0,0,
JIGAWA,SULE-TANKARKAR,DANZOMO,17-25-05-006,G/ILAH PRI. SCH. GARIN ILAH,0,0,0,0,1,0,1,1,0,0,0,0,0,
JIGAWA,SULE-TANKARKAR,DANZOMO,17-25-05-007,Z/MASHI PRI. SCH. ZURUN DAMASHI,0,0,0,0,1,0,1,1,0,0,0,0,0,
JIGAWA,SULE-TANKARKAR,DANZOMO,17-25-05-008,Z/MASHI PRI. SCH. ZURUN DAMASHI,0,0,0,0,1,0,1,1,0,0,0,0,0,
JIGAWA,SULE-TANKARKAR,DANZOMO,17-25-05-010,G/GARI PRI. SCH. GANGARA-GARI,0,0,0,0,1,0,1,1,0,0,0,0,0,
JIGAWA,SULE-TANKARKAR,DANZOMO,17-25-05-011,GARIN GALADIMA PRI. SCH. GARIN GALADIMA,0,0,0,0,1,0,1,1,0,0,0,0,0,
JIGAWA,SULE-TANKARKAR,DANZOMO,17-25-05-012,DANZOMO PRY SCH GABAS,0,0,0,0,1,0,1,1,0,0,0,0,0,
JIGAWA,SULE-TANKARKAR,JEKE,17-25-06-001,JEKE PRI. SCH. JEKE-GABAS,0,0,0,0,1,0,1,1,0,0,0,0,0,
JIGAWA,SULE-TANKARKAR,JEKE,17-25-06-002,JEKE PRI. SCH. JEKE-YAMMA,0,0,0,0,1,0,1,1,0,0,0,0,0,
JIGAWA,SULE-TANKARKAR,JEKE,17-25-06-003,K/JEKE PRI. SCH. KANKAREN-JEKE,0,0,0,0,1,0,1,1,0,0,0,0,0,
JIGAWA,SULE-TANKARKAR,JEKE,17-25-06-004,S/JEKE PRI. SCH. SHABARUN-JEKE,0,0,0,0,1,0,1,1,0,0,0,0,0,
JIGAWA,SULE-TANKARKAR,JEKE,17-25-06-005,HARDO UMARU/GIDAN HARDO UMARU,0,0,0,0,1,0,1,1,0,0,0,0,0,
JIGAWA,SULE-TANKARKAR,JEKE,17-25-06-006,LULA PRI. SCH. LULA,0,0,0,0,1,0,1,1,0,0,0,0,0,
JIGAWA,SULE-TANKARKAR,JEKE,17-25-06-007,G/MAKERI PRI. SCH. GARIN MAKERI,0,0,0,0,1,0,1,1,0,0,0,0,0,
JIGAWA,SULE-TANKARKAR,JEKE,17-25-06-008,MAIZUWO PRI. SCH. MAIZUWO I,0,0,0,0,1,0,1,1,0,0,0,0,0,
JIGAWA,SULE-TANKARKAR,JEKE,17-25-06-009,MAIZUWO PRI. SCH. MAIZUWO II,0,0,0,0,1,0,1,1,0,0,0,0,0,
JIGAWA,SULE-TANKARKAR,JEKE,17-25-06-010,TSAUNI PRI. SCH. TSAUNI,0,0,0,0,1,0,1,1,0,0,0,0,0,
JIGAWA,SULE-TANKARKAR,JEKE,17-25-06-011,G/MADAWAKI PRI. SCH. GARI MADAWAKI,0,0,0,0,1,0,1,1,0,0,0,0,0,
JIGAWA,SULE-TANKARKAR,JEKE,17-25-06-012,MAIFARU PRI. SCH. MAIFARU,0,0,0,0,1,0,1,1,0,0,0,0,0,
JIGAWA,SULE-TANKARKAR,JEKE,17-25-06-013,BARUMA PRI. SCH. BARUMA,0,0,0,0,1,0,1,1,0,0,0,0,0,
JIGAWA,SULE-TANKARKAR,JEKE,17-25-06-014,GIDAN HARDO ISAU/ GIDAN HARDO/SAU,0,0,0,0,1,0,1,1,0,0,0,0,0,
JIGAWA,SULE-TANKARKAR,SHABARU,17-25-07-001,HAMMADO PRI. SCH. HAMMADO,0,0,0,0,1,0,1,1,0,0,0,0,0,
JIGAWA,SULE-TANKARKAR,SHABARU,17-25-07-004,JIKAI PRI. SCH. JIKAI,0,0,0,0,1,0,1,1,0,0,0,0,0,
JIGAWA,SULE-TANKARKAR,SHABARU,17-25-07-008,HARDO NAUDI/GIDAN HARDO NAUDI,0,0,0,0,1,0,1,1,0,0,0,0,0,
JIGAWA,SULE-TANKARKAR,YANDAMO,17-25-10-001,BALDI PRI. SCH. BALDI,0,0,0,0,1,0,1,1,0,0,0,0,0,
JIGAWA,SULE-TANKARKAR,YANDAMO,17-25-10-002,MAILEFE PRI. SCH. MAILEFE,0,0,0,0,1,0,1,1,0,0,0,0,0,
JIGAWA,SULE-TANKARKAR,YANDAMO,17-25-10-003,CHAMIRI PRI. SCH. CHAMIRI,0,0,0,0,1,0,1,1,0,0,0,0,0,
JIGAWA,SULE-TANKARKAR,YANDAMO,17-25-10-004,GARIN HARDO/HARDO UMARU,0,0,0,0,1,0,1,1,0,0,0,0,0,
JIGAWA,SULE-TANKARKAR,YANDAMO,17-25-10-005,CHAKINDI-KALGO PRI. SCH. CHAKINDI/KALGO,0,0,0,0,1,0,1,1,0,0,0,0,0,
JIGAWA,SULE-TANKARKAR,YANDAMO,17-25-10-006,YANDAMO PRI. SCH. YANDAMO I,0,0,0,0,1,0,1,1,0,0,0,0,0,
JIGAWA,SULE-TANKARKAR,YANDAMO,17-25-10-011,GIZO DAUDU PRI. SCH. GIZO DAUDU,0,0,0,0,1,0,1,1,0,0,0,0,0,
JIGAWA,TAURA,GUJUNGU,17-26-04-002,GUJUNGU YAMMA /PRI. SCH. II,0,0,0,0,1,0,1,1,0,0,0,0,0,
JIGAWA,TAURA,GUJUNGU,17-26-04-003,GUJUNGU GABAS/ PRI. SCH. I,0,0,0,0,1,0,1,1,0,0,0,0,0,
JIGAWA,TAURA,GUJUNGU,17-26-04-004,GUJUNGU GABAS /PRI. SCH. II,0,0,0,0,1,0,1,1,0,0,0,0,0,
JIGAWA,TAURA,GUJUNGU,17-26-04-005,GUJUNGU GABAS /PRI. SCH. III,0,0,0,0,1,0,1,1,0,0,0,0,0,
JIGAWA,TAURA,GUJUNGU,17-26-04-006,GUJUNGU AREWA/ PRI. SCH. I,0,0,0,0,1,0,1,1,0,0,0,0,0,
JIGAWA,TAURA,GUJUNGU,17-26-04-007,MAIZUWO/PRI. SCH.,0,0,0,0,1,0,1,1,0,0,0,0,0,
JIGAWA,TAURA,GUJUNGU,17-26-04-008,VILLAGE HEAD GROUND/(MALAMAWAR MAIZUWO),0,0,0,0,1,0,1,1,0,0,0,0,0,
JIGAWA,TAURA,GUJUNGU,17-26-04-009,IDON ZAKARA /PRI. SCH.,0,0,0,0,1,0,1,1,0,0,0,0,0,
JIGAWA,TAURA,KIRI,17-26-05-005,KIRI PRI. SCH. /TSAKIYA,0,0,0,0,1,0,1,1,0,0,0,0,0,
JIGAWA,TAURA,KWALAM,17-26-06-001,KWALAM /PRI. SCH. I,0,0,0,0,1,0,1,1,0,0,0,0,0,
JIGAWA,TAURA,KWALAM,17-26-06-002,KWALAM/ PRI. SCH. II,0,0,0,0,1,0,1,1,0,0,0,0,0,
JIGAWA,TAURA,KWALAM,17-26-06-004,KWALAM /  PRI. SCH.,0,0,0,0,1,0,1,1,0,0,0,0,0,
JIGAWA,TAURA,KWALAM,17-26-06-005,KWALAM  LIMAWA / PRI. SCH.,0,0,0,0,1,0,1,1,0,0,0,0,0,
JIGAWA,TAURA,KWALAM,17-26-06-006,CHUWASU/PRI. SCH.,0,0,0,0,1,0,1,1,0,0,0,0,0,
JIGAWA,TAURA,KWALAM,17-26-06-007,KORAN MATO /PRI. SCH.,0,0,0,0,1,0,1,1,0,0,0,0,0,
JIGAWA,TAURA,KWALAM,17-26-06-010,GILIMA  GABAS /PRI. SCH. II,0,0,0,0,1,0,1,1,0,0,0,0,0,
JIGAWA,TAURA,KWALAM,17-26-06-013,VILLAGE HEAD GROUND / DOGON MARKE,0,0,0,0,1,0,1,1,0,0,0,0,0,
JIGAWA,TAURA,MAJE,17-26-07-001,MAJE GABAS /PRIMARY SCHOOL I,0,0,0,0,1,0,1,1,0,0,0,0,0,
JIGAWA,TAURA,MAJE,17-26-07-004,ZANGON MAJE /PRIMARY SCHOOL I,0,0,0,0,1,0,1,1,0,0,0,0,0,
JIGAWA,TAURA,MAJE,17-26-07-005,ZANGON MAJE/PRIMARY SCHOOL II,0,0,0,0,1,0,1,1,0,0,0,0,0,
JIGAWA,TAURA,MAJE,17-26-07-006,VILLAGE HEAD GROUND TSUWA,0,0,0,0,1,0,1,1,0,0,0,0,0,
JIGAWA,TAURA,MAJE,17-26-07-011,GIDAN - NARUWA /PRIMARY SCHOOL I,0,0,0,0,1,0,1,1,0,0,0,0,0,
JIGAWA,TAURA,MAJE,17-26-07-013,TSADAWA /PRIMARY SCHOOL II,0,0,0,0,1,0,1,1,0,0,0,0,0,
JIGAWA,TAURA,S/GARIN YAYA,17-26-09-011,LAFIYA /PRIMARY SCHOOL,0,0,0,0,1,0,1,1,0,0,0,0,0,
JIGAWA,TAURA,TAURA,17-26-10-002,TAURA SPECIAL PRI. SCH. /TAURA AREWA II,0,0,0,0,1,0,1,1,0,0,0,0,0,
JIGAWA,BABURA,BABURA,17-02-01-019,JSS  ARABIC I,0,0,0,0,1,0,1,1,0,0,0,0,0,
JIGAWA,BABURA,BABURA,17-02-01-020,AREWA PRI SCH. IV,0,0,0,0,1,0,1,1,0,0,0,0,0,
JIGAWA,BABURA,BABURA,17-02-01-021,JSS ARABIC II,0,0,0,0,1,0,1,1,0,0,0,0,0,
JIGAWA,BABURA,BABURA,17-02-01-022,AREWA PRI. SCH. III,0,0,0,0,1,0,1,1,0,0,0,0,0,
JIGAWA,BABURA,BABURA,17-02-01-023,OLD LEA ISLAMIYA PS,0,0,0,0,1,0,1,1,0,0,0,0,0,
JIGAWA,BABURA,BABURA,17-02-01-024,GABAS PRI. SCH. III,0,0,0,0,1,0,1,1,0,0,0,0,0,
JIGAWA,BABURA,BABURA,17-02-01-025,AKULA PRI. SCH.,0,0,0,0,1,0,1,1,0,0,0,0,0,
JIGAWA,BABURA,BABURA,17-02-01-026,GABAS PRI. SCH. IV,0,0,0,0,1,0,1,1,0,0,0,0,0,
JIGAWA,BABURA,BABURA,17-02-01-027,AGENCY FOR MASS EDU,0,0,0,0,1,0,1,1,0,0,0,0,0,
JIGAWA,BABURA,BABURA,17-02-01-028,JGDSS YAU DANZABUWA I,0,0,0,0,1,0,1,1,0,0,0,0,0,
JIGAWA,BABURA,BABURA,17-02-01-029,GDSS BABURA I,0,0,0,0,1,0,1,1,0,0,0,0,0,
JIGAWA,BABURA,BABURA,17-02-01-030,KUDU PRI. SCH.,0,0,0,0,1,0,1,1,0,0,0,0,0,
JIGAWA,BABURA,BABURA,17-02-01-031,GGDSS BABURA,0,0,0,0,1,0,1,1,0,0,0,0,0,
JIGAWA,BABURA,BABURA,17-02-01-032,JSS SANI BABURA,0,0,0,0,1,0,1,1,0,0,0,0,0,
JIGAWA,BABURA,BABURA,17-02-01-033,JGDSS YAU DANZUBUWA II,0,0,0,0,1,0,1,1,0,0,0,0,0,
JIGAWA,BABURA,BABURA,17-02-01-034,NABAI NOMADIC PRI. SCH.,0,0,0,0,1,0,1,1,0,0,0,0,0,
JIGAWA,BABURA,DORAWA,17-02-03-012,DORAWA PRI. SCH. II,0,0,0,0,1,0,1,1,0,0,0,0,0,
JIGAWA,BABURA,GASAKOLI,17-02-05-017,GASAKOLI PRI. SCH. II,0,0,0,0,1,0,1,1,0,0,0,0,0,
JIGAWA,BIRNIN KUDU,KANGIRE,17-03-02-026,KANGIRE PRI. SCH.  II.,0,0,0,0,1,0,1,1,0,0,0,0,0,
JIGAWA,BIRNIN KUDU,KANGIRE,17-03-02-028,FIRYA,0,0,0,0,1,0,1,1,0,0,0,0,0,
JIGAWA,BIRNIN KUDU,KANGIRE,17-03-02-029,KAN-KAROFI,0,0,0,0,1,0,1,1,0,0,0,0,0,
JIGAWA,BIRNIN KUDU,KANGIRE,17-03-02-030,U.B.E SCH.,0,0,0,0,1,0,1,1,0,0,0,0,0,
JIGAWA,BIRNIN KUDU,KANGIRE,17-03-02-031,GINDIN TRANSFORMER DANGARI,0,0,0,0,1,0,1,1,0,0,0,0,0,
JIGAWA,BIRNIN KUDU,KANGIRE,17-03-02-032,MAKWALLA,0,0,0,0,1,0,1,1,0,0,0,0,0,
JIGAWA,BIRNIN KUDU,KANGIRE,17-03-02-033,MADAKANCHI POLE WIRE,0,0,0,0,1,0,1,1,0,0,0,0,0,
JIGAWA,BIRNIN KUDU,KIYAKO,17-03-04-026,BABALDU PRI. SCH. III,0,0,0,0,1,0,1,1,0,0,0,0,0,
JIGAWA,BIRNIN KUDU,KIYAKO,17-03-04-027,BABALDU AREWA PRI. SCH. II,0,0,0,0,1,0,1,1,0,0,0,0,0,
JIGAWA,BIRNIN KUDU,WURNO,17-03-10-040,JANGARGARI PRI. SCH.  II,0,0,0,0,1,0,1,1,0,0,0,0,0,
JIGAWA,BIRNIN KUDU,YALWAN DAMAI,17-03-11-027,YALWAN DAMAI JUNIOR SEC. SCH.  II,0,0,0,0,1,0,1,1,0,0,0,0,0,
JIGAWA,BIRNIN KUDU,YALWAN DAMAI,17-03-11-028,YALWAN DAMAI SENIOR SEC. SCH.  II,0,0,0,0,1,0,1,1,0,0,0,0,0,
JIGAWA,BIRNIN KUDU,YALWAN DAMAI,17-03-11-029,YALWAN DAMAI K/FADA II,0,0,0,0,1,0,1,1,0,0,0,0,0,
JIGAWA,BIRNIN KUDU,YALWAN DAMAI,17-03-11-030,IGGI ISLAMIYYA PRI. SCH.  II,0,0,0,0,1,0,1,1,0,0,0,0,0,
JIGAWA,BIRNIN KUDU,YALWAN DAMAI,17-03-11-031,IGGI JUNIOR SEC. SCH.  II,0,0,0,0,1,0,1,1,0,0,0,0,0,
JIGAWA,BIRNIN KUDU,YALWAN DAMAI,17-03-11-032,SOLI PRI. SCH. II,0,0,0,0,1,0,1,1,0,0,0,0,0,
JIGAWA,DUTSE,JIGAWAR TSADA,17-06-05-019,NTI TAKUR SITE,0,0,0,0,1,0,1,1,0,0,0,0,0,
JIGAWA,DUTSE,MADOBI,17-06-10-021,KARGO PRI. SCHOOL,0,0,0,0,1,0,1,1,0,0,0,0,0,
JIGAWA,DUTSE,MADOBI,17-06-10-025,KWAIMAWA PRI. SCHOOL II,0,0,0,0,1,0,1,1,0,0,0,0,0,
JIGAWA,GAGARAWA,GAGARAWA TASHA,17-08-02-008,ISLAMIYYA PRI SCHOOL,0,0,0,0,1,0,1,1,0,0,0,0,0,
JIGAWA,GAGARAWA,GAGARAWA TASHA,17-08-02-009,BAKIN KASUWA,0,0,0,0,1,0,1,1,0,0,0,0,0,
JIGAWA,GAGARAWA,GAGARAWA TASHA,17-08-02-010,RAILWAY STATION GAGARAWA,0,0,0,0,1,0,1,1,0,0,0,0,0,
JIGAWA,GAGARAWA,GAGARAWA TASHA,17-08-02-011,IBRAHIM YA'U SSS,0,0,0,0,1,0,1,1,0,0,0,0,0,
JIGAWA,GAGARAWA,GAGARAWA GARI,17-08-01-007,GARIN GOTO II,0,0,0,0,1,0,1,1,0,0,0,0,0,
JIGAWA,GAGARAWA,MAIADUWA,17-08-06-009,MAITSINTSIYA PRI SCH II,0,0,0,0,1,0,1,1,0,0,0,0,0,
JIGAWA,GAGARAWA,MEDU,17-08-08-010,KADAITA PRI SCH,0,0,0,0,1,0,1,1,0,0,0,0,0,
JIGAWA,GAGARAWA,MEDU,17-08-08-011,MEDU KUDU ISLAMIYYA,0,0,0,0,1,0,1,1,0,0,0,0,0,
JIGAWA,GAGARAWA,MEDU,17-08-08-012,MEDU DISPENSARY,0,0,0,0,1,0,1,1,0,0,0,0,0,
JIGAWA,GUMEL,DANTANOMA,17-09-03-014,G.D.S.S DANTANOMA,0,0,0,0,1,0,1,1,0,0,0,0,0,
JIGAWA,JAHUN,AUJARA,17-14-01-025,AUJARA SPECIAL P.S,0,0,0,0,1,0,1,1,0,0,0,0,0,
JIGAWA,JAHUN,AUJARA,17-14-01-026,AUJARA SPECIAL P.S,0,0,0,0,1,0,1,1,0,0,0,0,0,
JIGAWA,JAHUN,AUJARA,17-14-01-027,MODEL PRI SCH AUJARA,0,0,0,0,1,0,1,1,0,0,0,0,0,
JIGAWA,JAHUN,IDANDUNA,17-14-07-014,JSS IDANDUNA,0,0,0,0,1,0,1,1,0,0,0,0,0,
JIGAWA,JAHUN,IDANDUNA,17-14-07-015,JSS GAMPAI,0,0,0,0,1,0,1,1,0,0,0,0,0,
JIGAWA,JAHUN,JAHUN,17-14-09-029,JARDA STORE,0,0,0,0,1,0,1,1,0,0,0,0,0,
JIGAWA,JAHUN,KALE,17-14-10-019,KALE PS,0,0,0,0,1,0,1,1,0,0,0,0,0,
JIGAWA,KIRIKA SAMMA,BULUNCHAI,17-18-02-011,DILMARI JUNIOR DAY SEC. SCHOOL,0,0,0,0,1,0,1,1,0,0,0,0,0,
JIGAWA,KIRIKA SAMMA,BULUNCHAI,17-18-02-012,JARMARI BASIC HEALTH CARE,0,0,0,0,1,0,1,1,0,0,0,0,0,
JIGAWA,KIRIKA SAMMA,FANDUM,17-18-04-025,FANDUM/FULANI PRIMARY HEALTH CARE,0,0,0,0,1,0,1,1,0,0,0,0,0,
JIGAWA,KIRIKA SAMMA,FANDUM,17-18-04-026,SUGA JUNIOR SEC. SCH.,0,0,0,0,1,0,1,1,0,0,0,0,0,
JIGAWA,KIRIKA SAMMA,FANDUM,17-18-04-027,MATARAR GALADIMA PRI. SCH. II,0,0,0,0,1,0,1,1,0,0,0,0,0,
JIGAWA,KIRIKA SAMMA,FANDUM,17-18-04-028,MALINTA PRIMARY SCHOOL II,0,0,0,0,1,0,1,1,0,0,0,0,0,
JIGAWA,KIRIKA SAMMA,GAYIN,17-18-05-008,MATAFARI PRIMARY HEALTH CARE,0,0,0,0,1,0,1,1,0,0,0,0,0,
JIGAWA,KIRIKA SAMMA,TARABU,17-18-10-014,GOVT. DAY. SEC. SCHOOL TURABU,0,0,0,0,1,0,1,1,0,0,0,0,0,
JIGAWA,MAIGATARI,MAIGATARI AREWA,17-20-08-018,GIDAN GAWO/UNGUWAR ALH. V,0,0,0,0,1,0,1,1,0,0,0,0,0,
JIGAWA,MAIGATARI,MAIGATARI AREWA,17-20-08-021,TSOHUWAR KWATA II,0,0,0,0,1,0,1,1,0,0,0,0,0,
JIGAWA,MALAM MADORI,ARKI,17-21-01-013,TOSARAWAN YOLAN PRI. SCH. II,0,0,0,0,1,0,1,1,0,0,0,0,0,
JIGAWA,RINGIM,CHAI-CHAI,17-23-01-017,CHAI-CHAI PRI. SCH.  CHAI-CHAI GABAS II,0,0,0,0,1,0,1,1,0,0,0,0,0,
JIGAWA,RINGIM,CHAI-CHAI,17-23-01-018,CHAI-CHAI SEN. SEC. SCH.,0,0,0,0,1,0,1,1,0,0,0,0,0,
JIGAWA,RINGIM,CHAI-CHAI,17-23-01-020,OPEN SHED JAUGA,0,0,0,0,1,0,1,1,0,0,0,0,0,
JIGAWA,RINGIM,CHAI-CHAI,17-23-01-021,GIDAN SANI PRI. SCH.  GIDAN SANI II,0,0,0,0,1,0,1,1,0,0,0,0,0,
JIGAWA,RINGIM,DABI,17-23-02-019,DABI PRI. SCH. DABI TSAKIYA III,0,0,0,0,1,0,1,1,0,0,0,0,0,
JIGAWA,RINGIM,DABI,17-23-02-022,KIJAWAL PRI. SCH. KIJAWAL II,0,0,0,0,1,0,1,1,0,0,0,0,0,
JIGAWA,RINGIM,RINGIM,17-23-06-027,KATUTU PRI. SCH. KATUTU IV,0,0,0,0,1,0,1,1,0,0,0,0,0,
JIGAWA,RINGIM,RINGIM,17-23-06-030,GALADANCHI PRI. SCH. GALADANCHI III,0,0,0,0,1,0,1,1,0,0,0,0,0,
JIGAWA,RINGIM,RINGIM,17-23-06-032,GALADANCHI PRI. SCH. GALADANCHI V,0,0,0,0,1,0,1,1,0,0,0,0,0,
JIGAWA,RINGIM,RINGIM,17-23-06-033,GALADANCHI PRI. SCH. GALADANCHI VI,0,0,0,0,1,0,1,1,0,0,0,0,0,
JIGAWA,RINGIM,RINGIM,17-23-06-035,SABONGARI ISLAMIYA,0,0,0,0,1,0,1,1,0,0,0,0,0,
JIGAWA,RINGIM,RINGIM,17-23-06-041,NASARAWA PRI. SCH.  NASARAWA III,0,0,0,0,1,0,1,1,0,0,0,0,0,
JIGAWA,RINGIM,RINGIM,17-23-06-042,GSS UNITY I,0,0,0,0,1,0,1,1,0,0,0,0,0,
JIGAWA,RINGIM,RINGIM,17-23-06-044,NASARAWA PRI. SCH.  NASARAWA IV,0,0,0,0,1,0,1,1,0,0,0,0,0,
JIGAWA,RINGIM,RINGIM,17-23-06-049,SABON GARI PRI. SCH. SABON GARI III,0,0,0,0,1,0,1,1,0,0,0,0,0,
JIGAWA,RINGIM,RINGIM,17-23-06-050,GSS UNITY III,0,0,0,0,1,0,1,1,0,0,0,0,0,
JIGAWA,RINGIM,RINGIM,17-23-06-058,LARABAWA PRI SCH,0,0,0,0,1,0,1,1,0,0,0,0,0,
JIGAWA,RINGIM,SINTILMAWA,17-23-08-023,SHAFAR PRI. SCH. SHAFAR II,0,0,0,0,1,0,1,1,0,0,0,0,0,
JIGAWA,SULE-TANKARKAR,DANLADI,17-25-04-013,DANLADI PRI. SCH. DANLADI III,0,0,0,0,1,0,1,1,0,0,0,0,0,
JIGAWA,SULE-TANKARKAR,DANLADI,17-25-04-015,B/SARA PRI. SCH. BABBANSARA II,0,0,0,0,1,0,1,1,0,0,0,0,0,
JIGAWA,SULE-TANKARKAR,DANZOMO,17-25-05-014,DANZOMO PRI. SCH DANZOMO IV,0,0,0,0,1,0,1,1,0,0,0,0,0,
JIGAWA,SULE-TANKARKAR,DANZOMO,17-25-05-015,DANZOMO GABAS PALACE II,0,0,0,0,1,0,1,1,0,0,0,0,0,
JIGAWA,SULE-TANKARKAR,DANZOMO,17-25-05-016,KAKUDI PRI. SCH. KAKUDI II,0,0,0,0,1,0,1,1,0,0,0,0,0,
JIGAWA,SULE-TANKARKAR,JEKE,17-25-06-015,MAIFARU PRI. SCH. MAIFARU II,0,0,0,0,1,0,1,1,0,0,0,0,0,
JIGAWA,SULE-TANKARKAR,JEKE,17-25-06-016,JEKE PRI. SCH. JEKE-YAMMA II,0,0,0,0,1,0,1,1,0,0,0,0,0,
JIGAWA,SULE-TANKARKAR,YANDAMO,17-25-10-013,GIZO DAUDU PRI. SCH. GIZO DAUDU II,0,0,0,0,1,0,1,1,0,0,0,0,0,
JIGAWA,TAURA,GUJUNGU,17-26-04-012,GDJSS GUJUNGU II,0,0,0,0,1,0,1,1,0,0,0,0,0,
JIGAWA,TAURA,KWALAM,17-26-06-019,PRIMARY HEALTHCARE CENTRE MAI YADIYA,0,0,0,0,1,0,1,1,0,0,0,0,0,
JIGAWA,TAURA,S/GARIN YAYA,17-26-09-012,GDASS SG YAYA I,0,0,0,0,1,0,1,1,0,0,0,0,0,
JIGAWA,TAURA,TAURA,17-26-10-021,JAKARASA ISLAMIYYA PRI SCH V,0,0,0,0,1,0,1,1,0,0,0,0,0,
JIGAWA,BUJI,KUKUMA,17-05-07-013,KUKUMA PHC,0,0,0,0,1,0,1,1,0,0,0,0,0,
JIGAWA,BUJI,Y/TUKUR,17-05-10-010,YAYARIN TUKUR B/KASUWA AREWA,0,0,0,0,1,0,1,1,0,0,0,0,0,
JIGAWA,BUJI,Y/TUKUR,17-05-10-011,YAYARIN TUKUR PRI. SCH. NASARAWA,0,0,0,0,1,0,1,1,0,0,0,0,0,
JIGAWA,RONI,SANKAU,17-24-08-010,DANDALI CIKIN GARI/DANDALI II,0,0,0,0,1,0,1,1,0,0,0,0,0,
JIGAWA,BUJI,KUKUMA,17-05-07-014,BAKWARGA ISLAMIYYA PRI SCH,0,0,0,0,1,0,1,1,0,0,0,0,0,
JIGAWA,JAHUN,HARBO TSOHUWA,17-14-06-015,GARADO HEALTH CENTER,0,0,0,0,1,0,1,1,0,0,0,0,0,
JIGAWA,JAHUN,HARBO TSOHUWA,17-14-06-016,GIDAN GANJI,0,0,0,0,1,0,1,1,0,0,0,0,0,
